{
  "apkFileName": "MainActivity_v1.0(1).apk",
  "VersionInfo": {
    "versionName": "1.0",
    "versionCode": "1"
  },
  "UsesFramework": {
    "ids": [1],
    "tag": null
  },
  "unknownFiles": {},
  "PackageInfo": {
    "forcedPackageId": "127",
    "renameManifestPackage": null
  },
  "doNotCompress": null,
  "isFrameworkApk": false,
  "compressionType": false,
  "sparseResources": true,
  "version": "2.4.0-211203",
  "sharedLibrary": false,
  "sdkInfo": {
    "minSdkVersion": "10",
    "targetSdkVersion": "17"
  }
}